wallet_address,label,source
0xBE0eB53F46cd790Cd13851d5EFF43D12404d33E8,exchange,etherscan
0x40B38765696e3d5d8d9834D8AaD4bB6e418E489,exchange,etherscan
0x0E58e8993100F1CBe45376c410F97f4893d9BfCD,exchange,etherscan
0x8315177aB297bA92A06054cE80a67Ed4DBd7ed3a,bridge,etherscan
0x49048044D57e1C92A77f79988d21Fa8fAF74E97e,bridge,etherscan
0x47ac0Fb4F2D84898e4D9E7b4DaB3C24507a6D503,exchange,etherscan
0xF977814e90dA44bFA03b6295A0616a897441acec,exchange,etherscan
0xAFCD96e580138CFa2332C63A2E66308eACD45C5dA,exchange,etherscan
0xE92d1A43df510F82C66382592a047d288f85226f,exchange,etherscan
0xcA8Fa8f0b631EcdB18Cda619C4Fc9d197c8aFfCa,exchange,etherscan
0x3BFC20f0B9aFcAcE800D73D2191166FF16540258,exchange,etherscan
0x73AF3bcf944a6559933396c1577B257e2054D935,exchange,etherscan
0xA160cdAB225685dA1d56aA342Ad8841c3b53F291,exchange,etherscan
0x9f1799Fb47b1514f453BcEbbC37ecFe883756e83,exchange,etherscan
0x8103683202aa8DA10536036EDef04Cd865C225E,exchange,etherscan

0x3FDA67f7583380E67ef93072294a7fAc882FD7E7,defi,etherscan
0x745DAA146934B27e3f0b6bff1a6e36b9B90fb131,defi,etherscan
0x1E0447b19BB6EcFdAe1e4AE1694b0C3659614e4e,defi,etherscan
0x3A306a399085F3460BbcB5b77015Ab33806A10d5,defi,etherscan
0xc0a47dFe034B400B47bDaD5FecDa2621de6c4d95,defi,etherscan
0x52fc6455F258760705e70F70160b06619BFe0ADb,defi,etherscan
0x13240b97c40D7E306cEDf3adc9cB057CeC74c361,defi,etherscan
0xd3EBA712988df0F8A7e5073719A40cE4cbF60b33,defi,etherscan
0x8dfcB49766c0296E4373A0300b52C3637614Db59,defi,etherscan
0x20eF0c900F8E7EC3a1A89a761f0670Ae9E3dD709,defi,etherscan

0x539C92186f7C6CC4CbF443F26eF84C595baBBcA1,exchange,etherscan
0xbFbBFacCD1126A11b8F84C60b09859F80f3BD10F,exchange,etherscan
0x868daB0b8E21EC0a48b726A1ccf25826c78C6d7F,exchange,etherscan
0x17E5545B11b468072283Cee1F066a059Fb0dbF24,exchange,etherscan
0xb61a16BDa6D61D9b8AD493BF05962c5b98D1712F,exchange,etherscan
0x8D05d9924fe935BD533a844271a1B2078EaE6FcF,exchange,etherscan
0xA023f08c70A23aBc7EdFc5B6b5E171d78dFc947e,exchange,etherscan
0xC882b111A75C0c657fC507C04FbFcD2cC984F071,exchange,etherscan
0xaa2AA15D77b41E151e17f3A61cBC68DB4da72A90,exchange,etherscan
0x98ADeF6F2ac8572ec48965509d69A8Dd5E8BbA9D,exchange,etherscan
0x8a3b7094e1d80c8366b4687cb85862311c931c52,organic,alchemy
0x551da09543002dc563e3ec870f96b7893233a72e,organic,alchemy
0x6e971ee23dc7f4f8861888011aebc65f35321ba9,organic,alchemy
0x0394c7e0b34fda522cd1d668b9a08e63c84412f9,organic,alchemy
0x37fc1c981c9d943ba37beed5b0a945f0e35020c9,organic,alchemy
0x577a08bfc3876afd02050fb674144b942788e3b5,organic,alchemy
0xcdea90fe3c2871d64795f6f72762401821169b90,organic,alchemy
0xfe9c81f9b9ea46c0dc83c430af0cbce4ef9e2ad3,organic,alchemy
0x94f3fda09a27c1ef34cf8b18ecb523c3f8cf1a8a,organic,alchemy
0x510b0068c0756bbefcbaffb6567e467d661291fe,organic,alchemy
0xbcb7e1a3aeedb791bf826f1b276f400e2786ca76,organic,alchemy
0xff536328697859ec41b4f6a7e3a9cc3f372b0760,organic,alchemy
0x289c23cd7cacafd4bfee6344ef376fa14f1bf42d,organic,alchemy
0x87e85da80725508efd6925fa9c67e8853bfc6b31,organic,alchemy
0x49b91963d40c2f0ec757f7bdad01bf4b26984d7a,organic,alchemy
0x6be9fa484fa24fedb0369b6ccb343f9c3a621026,organic,alchemy
0xcc0404564711cfdd538dde292becde28e43601fc,organic,alchemy
0x58e92c4128a4c231e3af7daf205682e37689a759,organic,alchemy
0xe0ef731f89d88a0f29350987945e80e0999b8894,organic,alchemy
0xc28e21b841487f6a50acbae4d09d7f4d4d012bcc,organic,alchemy
0x78b3a256061ce71fa266c2442ed08c04a784a7dd,organic,alchemy
0xab3b78d0d999930863d092ac1dbed66fe9fdec37,organic,alchemy
0x76970deca7924ce51fd1502fd005ad5c681d1b65,organic,alchemy
0x06dedafeac71f441f8a87eebe6d650fe2dbf33e5,organic,alchemy
0x8de1e4e277398a7727bb4aa91ab419a26bdc42c2,organic,alchemy
0xeabf7dec6253f3ddbcb70a93fa9a5d6470f6cf74,organic,alchemy
0x92ee04cdcb9ee4e698ef604eac3856916a226f46,organic,alchemy
0x06f8f66648cac8bd39e9cce036094ef4dd1b504b,organic,alchemy
0xfd7f766933041a77c7321244f08df3b5ab091520,organic,alchemy
0xcde5563a2982774b381b400a443885e8f8969b90,organic,alchemy
0x13271adf8c9753547b98501b684ad892b33dc0b7,organic,alchemy
0x70cf494ca495498008abcb09af3c1209d404f3f9,organic,alchemy
0xb3e3e8588032ce0da6772a0c18c70460128f57b6,organic,alchemy
0x6fcb296454bdc10c4774a0ad727eebbd88ea623d,organic,alchemy
0x2c63b830add926fdb888addee6a29c6b2b26450b,organic,alchemy
0xb914d7589cfe3390faafb6932864fbb5edb27684,organic,alchemy
0x7565976a34efed9c0b70e962e24f183b592cb5f8,organic,alchemy
0xce5033620038e49f15eb27d08704ff6a44294d68,organic,alchemy
0x07316f4903fa7156b8ddb12c86af47809676a679,organic,alchemy
0x082a17a3e4d1e744ee31f739f33b7352372b1b36,organic,alchemy
0x3f39574a3c6a82d01769099f3d9d954d831c2a64,organic,alchemy
0x881690fded4dafc47c18dee1e8aca1584f2b2d9f,organic,alchemy
0x6229eb9fba7dba02bb9ef1e8b7deb054d9d89c50,organic,alchemy
0x8414ba76e7569ae1cd925b1fac7f21c58ef13a34,organic,alchemy
0x33064c41e6392cc00cbb46ec22e01ba787efc8f8,organic,alchemy
0xa2d54f80f4c8e6253ed5b597ec2e32c3e1174362,organic,alchemy
0x2e2dc7dd191f8aa6994368b3482a4ff9791ae2b4,organic,alchemy
0xa0489f3dedfb6c4288b76f9aaacddc010d169b90,organic,alchemy
0x1df6dfd38985b5b4544c39e1265ebf08d3c24171,organic,alchemy
0x40b38765696e3d5d8d9d834d8aad4bb6e418e489,organic,alchemy
0x3e0c7701023bc7c45200c5ae03c11a137de0718f,organic,alchemy
0x0e17eed28727f05fb60c65acefd531d0c467a269,organic,alchemy
0xd47ffc40c4838b8d3aac93861c03092b20b2bf1d,organic,alchemy
0xa05d28227a349cd18adf4121cd70c605e0cbcc7b,organic,alchemy
0xbf83e6e40162c655f2ded3431b7b31307275ac95,organic,alchemy
0x95ba4cf87d6723ad9c0db21737d862be80e93911,organic,alchemy
0x04cf9bf61b1e1c6b9449584837446480a2a59d72,organic,alchemy
0x25763b7f6248bf02e269038c58726460851dc65d,organic,alchemy
0xa1df0c3cd503e20a1eeb93af85fa2b40a38cd5ef,organic,alchemy
0x9b40a2c7351354c467f22d0029b4d9cee7f190c9,organic,alchemy
0xc0c0c0c0c0c0c0c0c0c0c0c0c0c0c0c0c0c0c0c0,organic,alchemy
0xa6dbdafa187eddc4d7a9d8e6b9a2d3f46ee30d24,organic,alchemy
0x557347483e3f6157358e9d00f51a964c770fc1d3,organic,alchemy
0x4a8918f1dc799610d45d13ba7d98d1870a537484,organic,alchemy
0x5a2d662d11e7904b216831daf5b87b7aedd37f09,organic,alchemy
0x9b0c45d46d386cedd98873168c36efd0dcba8d46,organic,alchemy
0xab297faf67d486c8d03fbcd8f026fed0d71254b9,organic,alchemy
0xca863e64bbfaa0beed764c379470dd49eef7b9fb,organic,alchemy
0x756b86fd69914db92229c07c7393d7d9948fed33,organic,alchemy
0x0436086baa9e32fb936ce130d5d1e94306fefa88,organic,alchemy
0x4e9ce36e442e55ecd9025b9a6e0d88485d628a67,organic,alchemy
0x836d31d3074aee0d95d71f210e7749afff2fdc90,organic,alchemy
0xcde5597fc8748452398b30e47a7350e571d09b90,organic,alchemy
0xa270697a7e1cae9f5a8584adc36f7de94702644c,organic,alchemy
0xfff7830f9ddb9d48d9e213354c92604ef7e1298b,organic,alchemy
0x5f42e271f0eaec7b105193dcc0bf2b0b216b466e,organic,alchemy
0x8b2045c7a0d4cbb789e0563dcc9daa9437208a8c,organic,alchemy
0xfc79eb954321f2e63e29acbcd46e0e63374923ff,organic,alchemy
0xb1aa9d3c8668ea570d11bec3206d6d95f2e16994,organic,alchemy
0x6df7fc2e8ad50ada369fdc82a550413e19cb0a74,organic,alchemy
0xcffb38e7e1eb517ca95428d8de96ca58b6290703,organic,alchemy
0x7535f65e3d4a6f19e710c20f47dc625950efed33,organic,alchemy
0x8644cef860e2714c499d4a675d491b36c8a1fff7,organic,alchemy
0x7dafba1d69f6c01ae7567ffd7b046ca03b706f83,organic,alchemy
0x3836052335f243d1a3596b582cd869b530b13bd3,organic,alchemy
0x009b6817807c332b9445f5c9cf2ac94631fe876e,organic,alchemy
0x4725c94999fbee3665f0dd8671160e0d810a5f3a,organic,alchemy
0x682f676c97640bc0dcb7f8ca6ee419bf28b149d0,organic,alchemy
0x46aa3346029f87433fab48c0e89d789354397441,organic,alchemy
0xf7faf6c9a38d714b787034fdc37028ee815d4dbe,organic,alchemy
0x53d7043fb8a7d162eba5d9bb374868595d8d203b,organic,alchemy
0xb3eafb9f40b8e568b998324dcdfc73b5eabb39b7,organic,alchemy
0x0ad9fb61a07bac25625382b63693644497f1b204,organic,alchemy
0xb1aabcdd2b5c203d03a2e9da51ea8d0ff5a96994,organic,alchemy
0x4d94003301291785fddce11ed1cf52fc4c8cb154,organic,alchemy
0x042a135bd342910ad7f67bbda74e3fd4125d1272,organic,alchemy
0xb02aa27c4c8473c9be3b31435d6ee2f2ef738618,organic,alchemy
0xcdea1707e6d6c98ee874ee587c1503f63e069b90,organic,alchemy
0x69076e44a9c70a67d5b79d95795aba299083c275,organic,alchemy
0xd289986c25ae3f4644949e25bc369e9d8e0caead,organic,alchemy
0xfca4ffd423b2943d13921cd0e6ef846bf82b13e8,organic,alchemy
0x012a6975efdaa46aeeaac340cbe46d7b30ca937c,organic,alchemy
0x46340b20830761efd32832a74d7169b29feb9758,organic,alchemy
0x33350f9ffe031ca593442a189b3bc7a1ea05b3c1,organic,alchemy
0x8f446c688c46a667f97c56b810a2f3fae8c266bb,organic,alchemy
0x2cdbad7b5704f8f0034a216d1b3b7522982e8bf7,organic,alchemy
0x97889c952368b5ae0def08eb845ec1ca212b6f2d,organic,alchemy
0x4f0d2ed5a7ce720e23181251cfe25244021eeb30,organic,alchemy
0xc12a47a890c2d1b0eac23b46c117c895333c2ea5,organic,alchemy
0xb02c098c73a1e8eb8250fff0ff1124923fbf8618,organic,alchemy
0x45afab7c0b8b145c3060ff8d369e6fbb77aaa61b,organic,alchemy
0x6a94f342ab64d03111aae025a965243a039a25f2,organic,alchemy
0x65fcb01940cceb45d9d69d875f79a1c5ee518193,organic,alchemy
0x1a97bfb25a115031ee01439678f70b2d4171fe4f,organic,alchemy
0x9c547b3593788b54701509627c9daa0255cd0e6c,organic,alchemy
0xc6ba08425075715cf76fd526ce62602879046323,organic,alchemy
0x44b69168abe2a8ab9d4d4a2ce0e410437524ce94,organic,alchemy
0x0da3e8ad6fb75122cde138eddfd3c25833c7c790,organic,alchemy
0xefd603747ba4834c84eb3ea3b1674bbcd4d3c6d8,organic,alchemy
0x1a6a80a836b3b7dee660fbc7a5ea1ded367f2d24,organic,alchemy
0x9ea17078cee0372cb80e69ea47a6f99d301f69da,organic,alchemy
0x7dabf2378f70b1106a20135d5102903e31eb6f83,organic,alchemy
0x28c6a861f62fd5939f82f751eab5fed7012fbb9d,organic,alchemy
0xbaf5cb640e4b2f91d9d745e491f8b5d4e0e55dc2,organic,alchemy
0xac75b73394c329376c214663d92156afa864a77f,organic,alchemy
0x8324fa247756a9d2be9d16884f620e65a142e514,organic,alchemy
0x509990f49c9be1f8d4faa06c586586cb412a97d5,organic,alchemy
0x88f41a0288169e0a9a44d09e11e940ea0c7cbc92,organic,alchemy
0x7cf661a4cd88171b972b351ec910f767bbd77b2c,organic,alchemy
0xb1a7eb58ae193fb690850f1c59d8c313faa96994,organic,alchemy
0x3f6033241f355b01d91dc334c77b58270bf0e54d,organic,alchemy
0xdb796ac2b3e9754511ae5478f79f0fbaa5632837,organic,alchemy
0xdebc137650933776038204df1ecd15f3b59855dd,organic,alchemy
0x21dddb54130831b40a034785f66039bbbb46a64c,organic,alchemy
0xad862684e007effbddf8905b9b7b15cbfaebb766,organic,alchemy
0x6c11c151adc437db6b95968997ab8caa0d7188d0,organic,alchemy
0xb02e2fc29712c0abf00ffa413389aad4ab268618,organic,alchemy
0x086866b5cfedd487fed33e27c04b0d9fbb9f22e7,organic,alchemy
0x8f4478fcdb97e4c6728bb87bba5a9f09df2e66bb,organic,alchemy
0x146b7ee6d5dc9dcc14bbd3fa969354a2eb24cfce,organic,alchemy
0x1a50a6238eb67285ccd4df17f75cce430baae2a4,organic,alchemy
0x9696f59e4d72e237be84ffd425dcad154bf96976,organic,alchemy
0x13be6f993977e84cf6f63a311ce55d90c064a521,organic,alchemy
0xab8fd4c773f79eb6fce87c0612b0473b2a408e70,organic,alchemy
0x4967c8e1dcdd06f67416e95c9ab79a2a7458eef7,organic,alchemy
0xbd14b5ac99f227dcbaf7ac958786507a6ed82f7f,organic,alchemy
0x84ddb331e23e35d5b8c8b2a562fdb243f1e09269,organic,alchemy
0xe533c36039adc07de8b7f313c88f7f482383008a,organic,alchemy
0xca4822e327c37ad211b8792d75fd3e2717d27996,organic,alchemy
0xaaed87c14490380fdbc17a863a4538297a49590c,organic,alchemy
0x8ef180811d70c3050d9adb9e216119395fd62ac3,organic,alchemy
0x0000000012a0592c154d552c410030e724b2ea00,organic,alchemy
0xb631651cb570ba0c0d696bd5e4860cbd214f20a0,organic,alchemy
0xc4ee769b1a4ec76a86d8c1f5f005b289c6bf17e9,organic,alchemy
0xfd339662d322061a7deb2fd64993fbefcc76b33b,organic,alchemy
0xdb0a714614b915e6d37e907f23bd3a531c0febc7,organic,alchemy
0x25a6920a8125b36701b250363e555b58eba7e09e,organic,alchemy
0x448a5065aebb8e423f0896e6c5d525c040f59af3,organic,alchemy
0x92ec62200fa39914ecac70cbf298c03f6ca26f46,organic,alchemy
0x0d07c088aeff728ce76d40dc468ba55dc0b092fe,organic,alchemy
0x2d3a974c72388ca573d381e699155dd0a3661598,organic,alchemy
0xb1a85a95e5c556d046ae5265db4b1cbfa4e16994,organic,alchemy
0x03f1bfd41f2b0a3bd9d806a72239994e2d83c797,organic,alchemy
0x3cd05701369c1b78a866773ca602c9969b263bc5,organic,alchemy
0x012877a1e0b1af98c7c9282ba0c2f9dbe510937c,organic,alchemy
0x454fffa695dc7fe61e4253aaa26275fccc4986ba,organic,alchemy
0xc9c01bc57186a5f0981c4e6f4884beaeb562e532,organic,alchemy
0x3a7fcdc1fa3cc36827822d13e63f2a3f424ae5c0,organic,alchemy
0xa03a1df24e7ccde0869ed0387a0418de04d0b2c7,organic,alchemy
0x0f416bc2d310a1c32bc1081cf354c15fd10d4802,organic,alchemy
0x9dda7e70587da40324621b13b158db1c9f0e5d0d,organic,alchemy
0xeefd4ec15437568210e77181a3f61c3201f8554e,organic,alchemy
0x672aaf0fe34f6b781d1c915d2feaec60162de42f,organic,alchemy
0x8f8e8b3c4de76a31971fe6a87297d8f703be8570,organic,alchemy
0xd04b5f64cc6f01b89bcf05c8d2286e9ba744ef85,organic,alchemy
0xa43c01f5106ce315db2fb726028cc75b0ad1ddc7,organic,alchemy
0xcde9df4ca1420652b3d5c95b2eea5a95c1169b90,organic,alchemy
0x48b04d2a05b6b604d8d5223fd1984f191ded51af,organic,alchemy
0xb6ab87acba2b3bb7da71ba324a2040eccf208ff3,organic,alchemy
0x0dd62f2ef67df9b0a8fa7334a52322a9ef07ca99,organic,alchemy
0xb025d411247897e8d359c5168655fd10ca958618,organic,alchemy
0x34aa3f359a9d614239015126635ce7732c18fdf3,organic,alchemy
0x086d295e9394f0eaae4c3e33edf136cb87c0394b,organic,alchemy
0x09ec445a7114e27da1f939235c13516904ed157e,organic,alchemy
0xcde4d3de32cbe30387c2695868dd08aa0d069b90,organic,alchemy
0x65427d1513f61aa204c6c99f59f93f5900197cc3,organic,alchemy
0xf5170739922d9b4ccf8f3fda21d13f271406924f,organic,alchemy
0x328aa28213a75c4ea9ed4cd96e8d095170a10187,organic,alchemy
0x4961861222420bbe4a8656ed621ea26fac50b6b4,organic,alchemy
0xb8eeca44e0f64c037e121cea337cf494d408ef12,organic,alchemy
0xb02836d4f5a2de2d926ce95ab3aefe6976ea8618,organic,alchemy
0x86627d1f70a2e2e8bf35803d4be90a7d104a55ef,organic,alchemy
0x92ee51710b422cfc391b59f949513d2192ac6f46,organic,alchemy
0x46436f1fa2f9d77b146cde18d545ae3ed28057c1,organic,alchemy
0x41f8fe315493a85f68eb9a77eaaa740402502924,organic,alchemy
0x408a5bb8591cbe6b68678b66ca96516acb18c0e3,organic,alchemy
0x7a0e841abc23fc519190f756eab2a7e5f1245679,organic,alchemy
0x84e719e4aaccf7bf70760dbf34983c9b880bb4a6,organic,alchemy
0xc06768cc873c0219c1e8eff6a339c1a9f45f84dc,organic,alchemy
0xa90a55af4f5c76c9e6c3d22a8dec7d6de0fb1388,organic,alchemy
0x92ee508568176d17f68c62095afe2fe629536f46,organic,alchemy
0xfa8403f2784d9511f7776e60c1a94aa6841c681a,organic,alchemy
0x8efd8dfc9ff9130cb57bbe062ccf5b4c52e1654f,organic,alchemy
0x6dee3d87cc9ff16df02b0da3fce5ad90b3bb08bd,organic,alchemy
0xb0281456220d36171279bfce2b3ef508c2508618,organic,alchemy
0x0c08a5193a42e22d154f927bb93050b8b2ceb16a,organic,alchemy
0x2c5713746efb794a435bd1b790d911051ab8d04e,organic,alchemy
0x682c44db0f80fbc67c2c34058269e402cab149d0,organic,alchemy
0xb7625573f98f436554fde189bba8f1cdb57a6b97,organic,alchemy
0x3c1cc48446b69d657db2192f246e2f5ca84e44dd,organic,alchemy
0x40b348915a5e4b19adc7fef7bc1738e4faa3e489,organic,alchemy
0x404c439cae3208255cb98cabfcef4c4aac03f37e,organic,alchemy
0x797e7ab7ef80d8ef317ae0f594cddc5c4ab25f71,organic,alchemy
0x1d6949606dea486817f1fb2aeb4d80563d021e7b,organic,alchemy
0x97402249515994cc0d22092d3375033ad0ea438a,organic,alchemy
0x42ccf4f456d7c7febf274242caccd74aaa0a53d7,organic,alchemy
0x6f52603b8c3c3f55825e5d05ae7a2958a1482c20,organic,alchemy
0x99368a5d78d9b8a69fcf87ff36ab9cbab26c9565,organic,alchemy
0xd85d422317640106599128b19b40b3e8137875a3,organic,alchemy
0xecbc2901efd668a049ec86e847c3a70552d128a7,organic,alchemy
0x92ee71a9c3576fe4987567a90908b6e436f26f46,organic,alchemy
0x408d9e148d6aaf0f1ff290462761c8132118e489,organic,alchemy
0x73fa9df99faaa8d110c5afd917355eba0f993362,organic,alchemy
0x808a023b72260170c95d831f589a1ae0dca1e43e,organic,alchemy
0x92edf48c89f0a4957e79158f5f479fb445b26f46,organic,alchemy
0xfc778fcf3a159f2ef4b9c32f2a05557597955520,organic,alchemy
0x92ee9a917a96be108619dcaf07a749d3f2e06f46,organic,alchemy
0x353304f7766644604a3ea960f67cc447a6a916fa,organic,alchemy
0x452f73ae79b9fad0eb53c888ce51f678c0c14273,organic,alchemy
0x5f820d4f5b01e5b39faee4b91bdfec53c4d299a8,organic,alchemy
0xbb15c6b3c408cf96dfc624df88b45293eb796412,organic,alchemy
0xf964d5f96542b35e5a253400e9b86f351cdee842,organic,alchemy
0x705637f340667ee03efda280c8f054976a5dbaf6,organic,alchemy
0xbb50690db3897ca5b1f63cff6e0c061b93f9bfbd,organic,alchemy
0x0d281ba2b73b33f22c5241478eae9d1008e66c3f,organic,alchemy
0x5f3b3785483433f29403961e3038bef359d37f09,organic,alchemy
0x01227d77ce8edbd4fc1baffca53c50a74710937c,organic,alchemy
0xd74f68128cecfb50e2ddfce6f290e30a55211518,organic,alchemy
0x0cc485803d0a616cb903d2c0c08b814de7fbef07,organic,alchemy
0x0121aaf128238acbbd8bd89182fdf5efff24937c,organic,alchemy
0xcd8f976a4f5ba1f577adf7666ea2c5389d3ccd53,organic,alchemy
0x0000000000000000000000000000000000000000,organic,alchemy
0xc72b737e4106726254a39049d97e41f56c9b7885,organic,alchemy
0x82b4db1565c888274fb9d76636816d5a3f651b8b,organic,alchemy
0xa676af8a22fcac6b3b94f7d0c971e8b715e82b5c,organic,alchemy
0xfa0a319c84dccfc84d3316d800722b3c6d3e8dc2,organic,alchemy
0x0ba48b0aea8f86423254b787461ca35c2496f2d0,organic,alchemy
0xf96ee9907dcf2fa04ce9a2f736e7f73a56c408a5,organic,alchemy
0xbae23964d9dc2bf913d488a428f49cce8a85b2e7,organic,alchemy
0x000c911446782e01dfd673f5194026176c08cc36,organic,alchemy
0x4feb4ac714d209485d3a378923481660d8b051c1,organic,alchemy
0x0d0707963952f2fba59dd06f2b425ace40b492fe,organic,alchemy
0xf173214c720f58e03e194085b1db28b50acdeead,organic,alchemy
0xf40776c7a3dce579e73322d6ed43bf37a0b23c61,organic,alchemy
0x7d8e6cfb1b8709139631cac4cc458f63611ffdf8,organic,alchemy
0x1a66e5d261b9d6a02a94eb76fd239f450a7f2d24,organic,alchemy
0x5ce19e1cd9a62a47f6dc4209ff1e7fc948a337fa,organic,alchemy
0xbbbfc46566e5f0302cef913af8c8f423070ce6a1,organic,alchemy
0x6828f7b592046a03349d6f1dc6e56091d4d949d0,organic,alchemy
0x4e0daa6d7db4e9ff602b0fc3a1b463b489882bfd,organic,alchemy
0xcde5d48fca07f9c52300d2e65632dd71ed169b90,organic,alchemy
0xe66b31678d6c16e9ebf358268a790b763c133750,organic,alchemy
0xc923948ff28d4d50570a5271a1974120d217da30,organic,alchemy
0x682ca1907985ec881dc2f9059918fb2f450849d0,organic,alchemy
0xbfa24fabc7157d6a6ce3f58ef30440d1e055fb8c,organic,alchemy
0xe8aea1bba7aec9b7a4522e6c2a96327964c217cb,organic,alchemy
0x38699d04656ff537ef8671b6b595402ebdbdf6f4,organic,alchemy
0xb0944c873cea3e9975c20791261dba58472fe9d4,organic,alchemy
0x66f0f68e5b93fba873ae63aaf3cf81854c86401f,organic,alchemy
0x985c55399c990a5fe7b6713c43c298348884c7f5,organic,alchemy
0xd60f7e134d129b39cce0a72a839925a08ec149fa,organic,alchemy
0xba0111f5ec1b6f2f092e9730f5f64840f3b42c95,organic,alchemy
0x8995909dc0960fc9c75b6031d683124a4016825b,organic,alchemy
0x6c5c90b46048f71e9c0a8b231e5ddc9726ad7d1d,organic,alchemy
0x1370f50b7deb4f39d03169bda02ff423085e2a48,organic,alchemy
0xf348b733daa2e1cda395f4f3c82d81086feedf71,organic,alchemy
0x5f3c3a2ffd79c40fc9561d0f9a88f5168ad97f09,organic,alchemy
0x2c67eb139eb0b1416c3e743a106eb68d8442d627,organic,alchemy
0x0d281f33f05868b05a35724e9dca7e0cfec76c3f,organic,alchemy
0xcde5bfd93385194a236aefccaaa20fc871669b90,organic,alchemy
0x2f06def2e8ceb2a02537c0555ee84ae2175e4df1,organic,alchemy
0x67d3ccbd1d81e7b1427b70d94454e0039271d237,organic,alchemy
0x1111111254fb6c44bac0bed2854e76f90643097d,organic,alchemy
0x0697c68075b42488fecb8656e6084642f2490dc2,organic,alchemy
0xf294ad275652606ebb60931ea7520a3fe328fb78,organic,alchemy
0xeb81d2bffa5879857d935f5cae76153230cf0cc9,organic,alchemy
0xfca4685b947bbe0f6a2c444f30b6d69dfa5613e8,organic,alchemy
0x0104ce938d90605e1ed7dd3fbae3e34f9400eea1,organic,alchemy
0xabd0419f3a4e4a2b7fd5215c1c55e12a8876dc98,organic,alchemy
0xbb7922e53098d144d60f827ef34d1e768e579bbf,organic,alchemy
0x010afb8548a5d1a3a3d62f58ca0a5a1329974206,organic,alchemy
0x2dcf543cfa76634bfb4bbf00d9900caa77198da4,organic,alchemy
0x5ed992e6516919d46442b8b46cd477b016b5eeef,organic,alchemy
0x3a1eb7c601b5677490cd6694f7a5d487866a7571,organic,alchemy
0x4ea5875d977f856e81764f3af5007b6614a40b2a,organic,alchemy
0x92ebc08042e0c16f465a54906e17fb8fc2726f46,organic,alchemy
0xe4e48ee538c088c0430c840baf55eaed6a256227,organic,alchemy
0xab33e884ec8fed4f5867246e4300228f3d666561,organic,alchemy
0x83cd0a39c327c8f760706c7874d3631fecce3aad,organic,alchemy
0xb93cc658a680340be2ed08e5ee1a69a7a023b23e,organic,alchemy
0x12e8123822485229efaa08cd244e27e533eb1f4b,organic,alchemy
0xe7c6951568180c8be86fdcf92d687d06c3d5282c,organic,alchemy
0xcf634501ebd606a688e127b6c6b7000cf748c1e8,organic,alchemy
0xc662606edb852ba22f75680f7b2c89767014520e,organic,alchemy
0x753fd223949107ca33006851d665fa33c88fed33,organic,alchemy
0x9e3213238453adfff49aa147d37a924b9c8d6c5d,organic,alchemy
0xb02877bbbc310762a0e684df9d737f6cdb268618,organic,alchemy
0x13d21ed5abb72003fdfa1c0e9438c343ea637454,organic,alchemy
0x77feecc45fa31f2639d4c1cee0ccbf138387d79b,organic,alchemy
0x6fc48de8f167456b7aa27dd4ecfabba329ea623d,organic,alchemy
0xa73e1c3fcff149799bbf0a85a044ac1e84d4c5d7,organic,alchemy
0x58109cb11df3147e48205a1a38c214352f11d6f1,organic,alchemy
0xcc3e1e9703ca6e5e0ae297f364de049fcbf6c98c,organic,alchemy
0xa53a13a80d72a855481de5211e7654fabdfe3526,organic,alchemy
0x51e0cc87024d90c3bc624fabcdf9bcf0178e6021,organic,alchemy
0xfe9e8709d3215310075d67e3ed32a380ccf451c8,organic,alchemy
0x0cc69ef823d606b9983171c3f19740517781ef07,organic,alchemy
0xb02df54b40afd492a13813a4864efb099c258618,organic,alchemy
0x7dafb36f2dd020e4f51dfb309b3647998a706f83,organic,alchemy
0x01229f3ba4ea8d8ec33256bc2b07b6ce315c937c,organic,alchemy
0xa28a2a9a813174f66da1dbcf00dd2bdad03030ee,organic,alchemy
0x17a3a975c967c70a5fa5c2479cd24a3033f03717,organic,alchemy
0x69774a6383a61f969754db1be15b4e1f0910cf00,organic,alchemy
0x70ef09d3c3776e5d0ae415081e093d96e234e4e3,organic,alchemy
0x1f2be440a818b3b87069af6ec20528c6dbec429b,organic,alchemy
0xc64b62c5122a9f4333e5faf8be095e6189775dca,organic,alchemy
0x550890336f0b5afd85fc355351372253e2491a6e,organic,alchemy
0x60b60df49098f928c95c22d00b98e56701b6dca5,organic,alchemy
0xf32834f14f80c89cb31a82907bf474fda15fce99,organic,alchemy
0x29bc5fb2b177dd3432661ee5c67e7d7008350fcf,organic,alchemy
0xa360ae4bd5935555325eaac2d6df01051c4c3eab,organic,alchemy
0x14e3145b0774e0f0d22eae72513b53c133add670,organic,alchemy
0x5cdea56a4fb7d0c3bc1348c8dc392024cbf70e3a,organic,alchemy
0xfcb76c73d0cb9ad509988e883df00ef0e5d85e0e,organic,alchemy
0x12ea328d76c42cfa4ad373b32ac1749542d2c385,organic,alchemy
0x40b6352039e72260d4d61a5058e0b1d64518e489,organic,alchemy
0x5e79a38034862733788eefdc3ffedb094444c482,organic,alchemy
0x062799b5a2fc009f5d8b48360a05c497d8be8364,organic,alchemy
0x5cb29f86e9fb0f174754ab4522f3168f48c43228,organic,alchemy
0xb1ffc72a5d930da3f48d7b7703f9a1a1acb3cf23,organic,alchemy
0x0d7f2e43b77deb6e922640a4b7edc5b7e874dd70,organic,alchemy
0xf8a099545c0f2c3d3e547c048c2f5589e53b54d5,organic,alchemy
0x26cc0eab6cb650b0db4d0d0da8cb5bf69f4ad692,organic,alchemy
0x011b34d1e9307363d45e8a90319e9ed4cd29108e,organic,alchemy
0xef75d606fb8b08d1ee5800fd379843ca53464ce1,organic,alchemy
0x7700db16c7bb3d0e939a6bb852e033d4529e4649,organic,alchemy
0xcb77688b914023fe00a3c20d36245421476ed961,organic,alchemy
0x7df126321c3c84415462a605bdaf94189af3581c,organic,alchemy
0x13b053f017b6c68e089267ffc3f10ee92ed95a79,organic,alchemy
0x47d07b958b78ebad104159795f95c480fc22540b,organic,alchemy
0x5bfadd091798052fe34a6e360f73810fabc7b0d7,organic,alchemy
0xfca8245e72a7854101cbdcb5d27ce653075b13e8,organic,alchemy
0x0122fc149335d7eab1ff7aedc69591ad5e9b937c,organic,alchemy
0x91473aa589e79cc54b19b4e3181068c90de7db9f,organic,alchemy
0x756f059ce46517e1375ba4714b37d033d08fed33,organic,alchemy
0x8333c40d51c9ee616c1a6bf7f145d1df1d047a88,organic,alchemy
0x88c69b2461dde98147c4a7a7e3ba40f5b3ad8a3c,organic,alchemy
0xa7d496a19af4a08db830eaee60f1564b079d1d15,organic,alchemy
0x92eeeedbaed4829656bca5c21258e83b27026f46,organic,alchemy
0x0d030256850afa3cc66e53754fe16d4674e092fe,organic,alchemy
0x2ef7ddf729fefce9fe266540f437c6a8d42ae204,organic,alchemy
0x251e93d51c5f2a1e60b7bc90bc8b2534b68e8f40,organic,alchemy
0x129f5058afa493fc262f4dfad734daa5b3ddee1c,organic,alchemy
0x1b5e5071f1dc16c419f7b7b0c78e19b26f1dc4cc,organic,alchemy
0xc1ddfee14473e860e308dfc1492833a34d4cb40c,organic,alchemy
0xa592cb9bde3df473e762545d54f6b89b36afde4c,organic,alchemy
0xa404ca401a770edbcfefd64efd05af9e30e1bf3a,organic,alchemy
0xd3676a29a689ae0f8be40a1801f6e74cf5119d05,organic,alchemy
0x9c3bcb281da563565b84535798ffaab653b06f05,organic,alchemy
0x6ff0106d34feee8a8acf2e7b9168480f86b82e2f,organic,alchemy
0xcde569f80888d9760d6500e6a069723a7db59b90,organic,alchemy
0x4abb1a3be69ec705610ab65ec906f4f355935c29,organic,alchemy
0x26445ffc935376abde8daa44921aa2ff2c19ad1a,organic,alchemy
0x7ec94de928159d76d71da0d5b7f07567c183d47c,organic,alchemy
0x587486675d9f16f6e98b1c5fe28a222cf40917e6,organic,alchemy
0xf304bd0c49bc333a9b4f6c7fb1462081104b6544,organic,alchemy
0x5ab1397bd2c40f64bb6c38e0d2ed49c432350d54,organic,alchemy
0x0d07c8c81c5c8c2e86be5895ba87d83ee1e792fe,organic,alchemy
0xc048f19848e7319f7ca034fa83bfbcca59deaf94,organic,alchemy
0xf1d291ba38be6d73ba57ec13c8cd9a8daa1c3ecf,organic,alchemy
0x275d43cf3bf5c9480969b233f6e46b9588c4707e,organic,alchemy
0x781b6eece2e7ba81cc8782956ffb7c286107cde9,organic,alchemy
0xa37d5d1fe58bc3689b9a5ad44e47a65f897f5f8d,organic,alchemy
0x30a7378b1d10ffa663ac7c2fa5f54c0c8fb328ed,organic,alchemy
0xcd50042b27016e33421666be68e6ec3bd1784c77,organic,alchemy
0x2faf487a4414fe77e2327f0bf4ae2a264a776ad2,organic,alchemy
0x1d65b93b0e601a53cf93706b8e165d992b021e7b,organic,alchemy
0xa15904ffbc7ab1000118908256d92437a55774ba,organic,alchemy
0x8f4888268b24e70d4141cacddfd8f6d22ec266bb,organic,alchemy
0x0b32c3ff6eab9a8213bd1af5c862262d5f14d393,organic,alchemy
0x8f44e5d23fed310fac3c3dc62bda09f3eed066bb,organic,alchemy
0x953b337e5bf80c41463cee33ba25a1a2830c47f0,organic,alchemy
0x1b75fc0b0ad3ed55dc85fe1e3577b9c9ee94d685,organic,alchemy
0xe05a3d462ea5ad210600ed569c17d5866b4bb4af,organic,alchemy
0x6f416cc5b01267571099e8e37519fc897b6c2959,organic,alchemy
0xd42340d5eea2deca7ac39d5677b8ee9b35c1744b,organic,alchemy
0x09573ae6763c6cb25ce751a8609c25fcd213a7dc,organic,alchemy
0x62300d9cf871efebc388285ca4f6e3850db8bb99,organic,alchemy
0xf3b0073e3a7f747c7a38b36b805247b222c302a3,organic,alchemy
0xf3b02c6df19e6d1fad2ce2b5a463c3cb253194e1,organic,alchemy
0xb028cc23a7fe13b7cb64b2d696051c009d738618,organic,alchemy
0x40b3625414368d49e0558d5589d31d062c9de489,organic,alchemy
0x139309d7a0e1f8dda278a6ac91c1b18410e58e43,organic,alchemy
0x83326cec1af49ff85384e97f3ceb5b319bf5cf4c,organic,alchemy
0x09e08289c3b9279a221e8b7eff1a05dc615d157e,organic,alchemy
0x7daf6fd69f0f4937dd65c0c6316c299dbe896f83,organic,alchemy
0x5e75f78a7e50121f0ad6440651c5567c0578d9b5,organic,alchemy
0x125c70b0cea6ec04348e4c8f2aa37577e0e08813,organic,alchemy
0x5d1db692e84acf7578792effbcd46bc4bc561e84,organic,alchemy
0x37240fadb2eb139328f312c3cb6f1238b16cfbdf,organic,alchemy
0x2cfdc3a7d7f597426f37fbae1c45a3d9f1c8b190,organic,alchemy
0x0ce27c83f1497fe213c4910765453eaabc98dd4a,organic,alchemy
0x45d62dec3de327722dc2911c805cb754d3fbea6a,organic,alchemy
0x3b2e298b401d1e11ce6ee82b54792ca435ce81ec,organic,alchemy
0x19b8018a3a8898e5c40b6adde528a061f616ea6e,organic,alchemy
0xcdea95913990d2eb7868aa6b91a37f91ba269b90,organic,alchemy
0xefbc103259b500ebe6408fc7c91535b0e158e22b,organic,alchemy
0xe0bf513ca86c49a51d511477d8b02ad101ff9584,organic,alchemy
0xc40c82d5917f74c97504c5de063f7c4eb3a01750,organic,alchemy
0x694a870ec9dc814648afe4c3e0cb8d09f3130597,organic,alchemy
0x95e7cf5d4e76e07ff8cf35d7fb30df7658077b3c,organic,alchemy
0x3f5ce5fbfe3e9af3971dd833d26ba9b5c936f0be,organic,alchemy
0x6dbe34c90110479229447791afb2935a0ac89eb2,organic,alchemy
0x8f4bbeac0268ca1e2cffbabb94d99949c7d066bb,organic,alchemy
0xa0de8288a53f10b02d2d5e76aac5ea48949e30a8,organic,alchemy
0xc524d2a95f4b094604fbcaa117f0a8b1e0065d77,organic,alchemy
0x012259c7510e65b3acad37cbb4fd67eaac24937c,organic,alchemy
0xd8572d48e78f62b1dd5ef6e470d8395199cec0d9,organic,alchemy
0x16183be9f0c145fc6c24e1780211f51767382135,organic,alchemy
0x372e2d6f74efa2c5a4c72dac4a31da09e8505995,organic,alchemy
0xc29cf77f9ff6843cb50197371dc16c09d2daf3f2,organic,alchemy
0x89555a4f31b06faca197cdf60fd996f1ba783feb,organic,alchemy
0xb028b84783a0381d51dcf0e8ef04b5e502958618,organic,alchemy
0x0d26b1f9f4f2f617fa98e48ad344892b532f6c3f,organic,alchemy
0x405a9b7568e0640afdae8b3c37182ef34467fc5f,organic,alchemy
0x8b1b0f049b9a7c76bd721b14d90359a3dee1f58d,organic,alchemy
0xd92ca9f25a40bc5de00ae6861643bb36853752aa,organic,alchemy
0x82aa7f697b9bc19f286d286d130405c0850a2e7b,organic,alchemy
0x1ccf451539db08459737393efb9b603bd4610b33,organic,alchemy
0x228f5e15ea38866325bafcd308a513002b70d1a4,organic,alchemy
0xcde2411488a7964629e529f32cb687585ca69b90,organic,alchemy
0x6fc2b89ff7a1b231be014669c72708979f6a623d,organic,alchemy
0xae7336fd7f2b6d81a67f510ed9d14a684b189f0a,organic,alchemy
0x5f397b62502e255f68382791947d54c4b2d37f09,organic,alchemy
0x1461da3e1b86ea1aa273ec32664758e5e192233a,organic,alchemy
0x2428e76a98e6fc9a96b589f602e36c463abf7303,organic,alchemy
0x0f3c2476fbf0ed09dff00ea7f4ef252dcc72e6f1,organic,alchemy
0x95ff06bfc894445759bb70759be831950dda2441,organic,alchemy
0x8685d09daaed62bdbcf91308561e9de873392ae7,organic,alchemy
0x54da2a70951d4ff732e3dbfec1253a166f39d453,organic,alchemy
0x1f8978b550c0291627d5604a84e76fc044c23fb5,organic,alchemy
0xc44597cf35f98734788cd14758b298b9fc78d3b6,organic,alchemy
0x04b14b7b9722f9581e20024af6ebbfd455045b01,organic,alchemy
0x4e0ac849c64b773156f607bce78fdc1823b6074d,organic,alchemy
0x089300e3cd93dbc23c93cc9b8c237f829ce51b04,organic,alchemy
0xf00b357f81fd33905f8c4e3fdeae84aba0e547df,organic,alchemy
0xa166e5595557abbd279180ff90ad77383b68d325,organic,alchemy
0xcffad3200574698b78f32232aa9d63eabd290703,organic,alchemy
0xd481f8dba3b7e64385fd2298aacf975ac3fa28a5,organic,alchemy
0x5b717353bf6ac498e55cf50c54777a13812c75f9,organic,alchemy
0x9ddfc544ab950295b8ed72a2e4b0ade8736f354c,organic,alchemy
0x606563f8dc27f316b77f22d14d9cd025b4f70469,organic,alchemy
0x669f0ab96fd3beb68bc836bb874894bbb516331a,organic,alchemy
0x4e1c31082dd541c206cee5461c5037d8b7c22de4,organic,alchemy
0xd05955436368c9659b7a1bdf8f0427ca8c193b11,organic,alchemy
